Nome,Preço,Link,Imagem,Cor,Categoria_Principal,Subcategoria,Descricao
"Blusa Liocel, Mulher, Azul Escuro",19.99,https://mo-online.com/pt/blusa-liocel-mulher-azul-escuro/000041149013006.html,https://mo-online.com/dw/image/v2/BCQK_PRD/on/demandware.static/-/Sites-master-catalog/default/dwce3dd761/images/hires/de9894c8-2d77-484f-82fd-9ebe79e3ac84.jpg?sw=1080&sh=1388,Azul Escuro,Blusas,Camisas,"Blusa Liocel, Mulher, Azul Escuro Blusas Camisas"
"Blusa de Malha, Mulher, Bege Claro",22.99,https://mo-online.com/pt/blusa-de-malha-mulher-bege-claro/000041148967021.html,https://mo-online.com/dw/image/v2/BCQK_PRD/on/demandware.static/-/Sites-master-catalog/default/dwab1f298a/images/hires/be7e2032-46a9-4fc5-a943-4084ef2280df.jpg?sw=1080&sh=1388,Bege Claro,Malhas,,"Blusa de Malha, Mulher, Bege Claro Malhas"
"Camisola de Malha, Mulher, Laranja",19.99,https://mo-online.com/pt/camisola-de-malha-mulher-laranja/000041148971037.html,https://mo-online.com/dw/image/v2/BCQK_PRD/on/demandware.static/-/Sites-master-catalog/default/dwc7fece0c/images/hires/94d5fe81-bcf6-446d-b841-858c1dab63ce.jpg?sw=1080&sh=1388,Laranja,Malhas,,"Camisola de Malha, Mulher, Laranja Malhas"
"Top Malha, Mulher, Azul Escuro",12.99,https://mo-online.com/pt/top-malha-mulher-azul-escuro/000041148970006.html,https://mo-online.com/dw/image/v2/BCQK_PRD/on/demandware.static/-/Sites-master-catalog/default/dw1fb895c0/images/hires/8d725e9f-071c-46fb-9379-c1c54dc34db7.jpg?sw=1080&sh=1388,Azul Escuro,T-shirts,Tops,"Top Malha, Mulher, Azul Escuro T-shirts Tops"
"Top Malha, Mulher, Bege Claro",12.99,https://mo-online.com/pt/top-malha-mulher-bege-claro/000041148970021.html,https://mo-online.com/dw/image/v2/BCQK_PRD/on/demandware.static/-/Sites-master-catalog/default/dwe8be1bc1/images/hires/79575636-4a80-48cc-82e6-4bac79f4c0a3.jpg?sw=1080&sh=1388,Bege Claro,T-shirts,Tops,"Top Malha, Mulher, Bege Claro T-shirts Tops"
"Quimono, Mulher, Bege",29.99,https://mo-online.com/pt/quimono-mulher-bege/000041148948037.html,https://mo-online.com/dw/image/v2/BCQK_PRD/on/demandware.static/-/Sites-master-catalog/default/dwc3ac5969/images/hires/7ba3bf49-9ada-4a9f-b25c-955d39f27b09.jpg?sw=1080&sh=1388,Bege,Malhas,,"Quimono, Mulher, Bege Malhas"
"Casaco Efeito Camurça, Mulher, Castanho",35.99,https://mo-online.com/pt/casaco-efeito-camurca-mulher-castanho/000041148988004.html,https://mo-online.com/dw/image/v2/BCQK_PRD/on/demandware.static/-/Sites-master-catalog/default/dw9982b3a6/images/hires/4c4774a9-e0d2-4864-aaaa-6c475e6c8197.jpg?sw=1080&sh=1388,Castanho,Casacos,Blusões,"Casaco Efeito Camurça, Mulher, Castanho Casacos Blusões"
"Blusa Liocel, Mulher, Bege Claro",19.99,https://mo-online.com/pt/blusa-liocel-mulher-bege-claro/000041149013021.html,https://mo-online.com/dw/image/v2/BCQK_PRD/on/demandware.static/-/Sites-master-catalog/default/dw0115011a/images/hires/063f4003-17fe-4b38-88d3-e2d85c87c117.jpg?sw=1080&sh=1388,Bege Claro,Blusas,Camisas,"Blusa Liocel, Mulher, Bege Claro Blusas Camisas"
"Casaco Efeito Camurça, Mulher, Bege",35.99,https://mo-online.com/pt/casaco-efeito-camurca-mulher-bege/000041148988001.html,https://mo-online.com/dw/image/v2/BCQK_PRD/on/demandware.static/-/Sites-master-catalog/default/dw36450b33/images/hires/91b51b88-5d41-4072-a45e-b1c1b02cefa7.jpg?sw=1080&sh=1388,Bege,Casacos,Blusões,"Casaco Efeito Camurça, Mulher, Bege Casacos Blusões"
"Calças de Ganga 'Straight Fit', Mulher, Azul Claro",19.99,https://mo-online.com/pt/calcas-de-ganga-straight-fit-mulher-azul-claro/000041147330022.html,https://mo-online.com/dw/image/v2/BCQK_PRD/on/demandware.static/-/Sites-master-catalog/default/dwb6ec3864/images/hires/f49f04f5-8c5e-4606-a063-513739935b61.jpg?sw=1080&sh=1388,Azul Claro,Calças,Leggings,"Calças de Ganga 'Straight Fit', Mulher, Azul Claro Leggings"
"Camisola de Malha, Mulher, Bege Claro",19.99,https://mo-online.com/pt/camisola-de-malha-mulher-bege-claro/000041148971021.html,https://mo-online.com/dw/image/v2/BCQK_PRD/on/demandware.static/-/Sites-master-catalog/default/dw53513247/images/hires/a88d8c0b-9401-46eb-b1e2-c9527a8d3085.jpg?sw=1080&sh=1388,Bege Claro,Malhas,,"Camisola de Malha, Mulher, Bege Claro Malhas"
"Chinelos de Dedo, Adulto, Azul Escuro",2.99,https://mo-online.com/pt/chinelos-de-dedo-adulto-azul-escuro/000041148528006.html,https://mo-online.com/dw/image/v2/BCQK_PRD/on/demandware.static/-/Sites-master-catalog/default/dw3e883ab1/images/hires/8b1644aa-2b91-46ff-858a-e2fd74017c22.jpg?sw=1080&sh=1388,Azul Escuro,Sweatshirts,,"Chinelos de Dedo, Adulto, Azul Escuro Sweatshirts"
"Chinelos de Dedo, Adulto, Verde",2.99,https://mo-online.com/pt/chinelos-de-dedo-adulto-verde/000041148528019.html,https://mo-online.com/dw/image/v2/BCQK_PRD/on/demandware.static/-/Sites-master-catalog/default/dwe85d4ef9/images/hires/e35ad1af-5019-46ff-a962-f3063bbbfe79.jpg?sw=1080&sh=1388,Verde,Sweatshirts,,"Chinelos de Dedo, Adulto, Verde Sweatshirts"
"Calças Malha Tricotada, Mulher, Azul",19.99,https://mo-online.com/pt/calcas-malha-tricotada-mulher-azul/000041150353003.html,https://mo-online.com/dw/image/v2/BCQK_PRD/on/demandware.static/-/Sites-master-catalog/default/dw9cdf11f3/images/hires/1dc3608c-cfd3-404b-b9df-cb818b9f51c6.jpg?sw=1080&sh=1388,Azul,Calças,Leggings,"Calças Malha Tricotada, Mulher, Azul Leggings"
"Chinelos de Dedo, Adulto, Azul",2.99,https://mo-online.com/pt/chinelos-de-dedo-adulto-azul/000041148528003.html,https://mo-online.com/dw/image/v2/BCQK_PRD/on/demandware.static/-/Sites-master-catalog/default/dw0356849c/images/hires/8f2c326f-8253-4ef9-a8db-5c54ce1dd80f.jpg?sw=1080&sh=1388,Azul,Sweatshirts,,"Chinelos de Dedo, Adulto, Azul Sweatshirts"
"Camisa Malha Tricotada, Mulher, Azul",17.99,https://mo-online.com/pt/camisa-malha-tricotada-mulher-azul/000041150350003.html,https://mo-online.com/dw/image/v2/BCQK_PRD/on/demandware.static/-/Sites-master-catalog/default/dwc2fcae19/images/hires/204d7310-7b8a-4fdb-9b72-9b77169bde1c.jpg?sw=1080&sh=1388,Azul,Malhas,,"Camisa Malha Tricotada, Mulher, Azul Malhas"
"Vestido Malha Tricotada, Mulher, Rosa",19.99,https://mo-online.com/pt/vestido-malha-tricotada-mulher-rosa/000041150347638.html,https://mo-online.com/dw/image/v2/BCQK_PRD/on/demandware.static/-/Sites-master-catalog/default/dw0b2bc6c3/images/hires/3b4be711-5225-4b66-bf58-0820a29a82b8.jpg?sw=1080&sh=1388,Rosa,Vestidos,Macacões,"Vestido Malha Tricotada, Mulher, Rosa Vestidos Macacões"
"Top de Alças, Mulher, Bege Claro",12.99,https://mo-online.com/pt/top-de-alcas-mulher-bege-claro/000041150345021.html,https://mo-online.com/dw/image/v2/BCQK_PRD/on/demandware.static/-/Sites-master-catalog/default/dw205a5212/images/hires/3266d81c-f09c-4933-8440-8f0530e4447e.jpg?sw=1080&sh=1388,Bege Claro,Malhas,,"Top de Alças, Mulher, Bege Claro Malhas"
"Macacão Liocel, Mulher, Preto",17.99,https://mo-online.com/pt/macacao-liocel-mulher-preto/000041150244002.html,https://mo-online.com/dw/image/v2/BCQK_PRD/on/demandware.static/-/Sites-master-catalog/default/dwd1617950/images/hires/105be8a4-8469-4f2e-bbe6-a4bc0bac3756.jpg?sw=1080&sh=1388,Preto,Vestidos,Macacões,"Macacão Liocel, Mulher, Preto Vestidos Macacões"
"T-shirt Animal Print, Mulher, Preto",7.99,https://mo-online.com/pt/t-shirt-animal-print-mulher-preto/000041150257002.html,https://mo-online.com/dw/image/v2/BCQK_PRD/on/demandware.static/-/Sites-master-catalog/default/dw54d070e0/images/hires/2d146ca6-fa4a-4301-8703-1a316fa1b7db.jpg?sw=1080&sh=1388,Preto,T-shirts,Tops,"T-shirt Animal Print, Mulher, Preto T-shirts Tops"
"Colete Malha Tricotada, Mulher, Preto",17.99,https://mo-online.com/pt/colete-malha-tricotada-mulher-preto/000041150172002.html,https://mo-online.com/dw/image/v2/BCQK_PRD/on/demandware.static/-/Sites-master-catalog/default/dw509bfce5/images/hires/822d66c9-3d20-4d95-9d23-5cc2d787639a.jpg?sw=1080&sh=1388,Preto,Malhas,,"Colete Malha Tricotada, Mulher, Preto Malhas"
"Macacão Liocel, Mulher, Azul Claro",17.99,https://mo-online.com/pt/macacao-liocel-mulher-azul-claro/000041150244022.html,https://mo-online.com/dw/image/v2/BCQK_PRD/on/demandware.static/-/Sites-master-catalog/default/dw98cea6f6/images/hires/bf573af6-3af7-485e-b7c5-94e7b12f6781.jpg?sw=1080&sh=1388,Azul Claro,Vestidos,Macacões,"Macacão Liocel, Mulher, Azul Claro Vestidos Macacões"
"Top Malha Tricotada, Mulher, Laranja Escuro",12.99,https://mo-online.com/pt/top-malha-tricotada-mulher-laranja-escuro/000041150349012.html,https://mo-online.com/dw/image/v2/BCQK_PRD/on/demandware.static/-/Sites-master-catalog/default/dwf53aba68/images/hires/e79e6e66-dd3b-44a7-8168-2fcd35487c20.jpg?sw=1080&sh=1388,Laranja Escuro,T-shirts,Tops,"Top Malha Tricotada, Mulher, Laranja Escuro T-shirts Tops"
"Calções Malha Tricotada, Mulher, Laranja Escuro",15.99,https://mo-online.com/pt/calcoes-malha-tricotada-mulher-laranja-escuro/000041150348012.html,https://mo-online.com/dw/image/v2/BCQK_PRD/on/demandware.static/-/Sites-master-catalog/default/dwebfb703f/images/hires/c54540e0-cf58-4ac3-b5ad-1e4de28a4f18.jpg?sw=1080&sh=1388,Laranja Escuro,Saias,Calções,"Calções Malha Tricotada, Mulher, Laranja Escuro Saias"
"T-shirt Animal Print, Mulher, Vermelho",7.99,https://mo-online.com/pt/t-shirt-animal-print-mulher-vermelho/000041150257032.html,https://mo-online.com/dw/image/v2/BCQK_PRD/on/demandware.static/-/Sites-master-catalog/default/dw1cc3338a/images/hires/362e1e01-d895-4b43-a8d9-653b6fc24294.jpg?sw=1080&sh=1388,Vermelho,T-shirts,Tops,"T-shirt Animal Print, Mulher, Vermelho T-shirts Tops"
"T-shirt Estampada, Mulher, Branco",7.99,https://mo-online.com/pt/t-shirt-estampada-mulher-branco/000041150274041.html,https://mo-online.com/dw/image/v2/BCQK_PRD/on/demandware.static/-/Sites-master-catalog/default/dw7def195e/images/hires/39df3cb2-7374-4ecd-ba67-72b144a7b565.jpg?sw=1080&sh=1388,Branco,T-shirts,Tops,"T-shirt Estampada, Mulher, Branco T-shirts Tops"
"Top de Alças, Mulher, Rosa Escuro",12.99,https://mo-online.com/pt/top-de-alcas-mulher-rosa-escuro/000041150345013.html,https://mo-online.com/dw/image/v2/BCQK_PRD/on/demandware.static/-/Sites-master-catalog/default/dw2b5b33cd/images/hires/2134c774-264c-4520-9b37-ec2327ecc3bb.jpg?sw=1080&sh=1388,Rosa Escuro,Malhas,,"Top de Alças, Mulher, Rosa Escuro Malhas"
"Top Estampado, Mulher, Branco",9.99,https://mo-online.com/pt/top-estampado-mulher-branco/000041150344041.html,https://mo-online.com/dw/image/v2/BCQK_PRD/on/demandware.static/-/Sites-master-catalog/default/dw8bfc73c6/images/hires/896440a1-d3e7-4a82-826c-b156677262ba.jpg?sw=1080&sh=1388,Branco,T-shirts,Tops,"Top Estampado, Mulher, Branco T-shirts Tops"
"T-shirt Estampada, Mulher, Roxo",7.99,https://mo-online.com/pt/t-shirt-estampada-mulher-roxo/000041150274039.html,https://mo-online.com/dw/image/v2/BCQK_PRD/on/demandware.static/-/Sites-master-catalog/default/dw579219ae/images/hires/9a9e6663-2575-4a59-bce1-0221319e7900.jpg?sw=1080&sh=1388,Roxo,T-shirts,Tops,"T-shirt Estampada, Mulher, Roxo T-shirts Tops"
"Top Estampado, Mulher, Verde",9.99,https://mo-online.com/pt/top-estampado-mulher-verde/000041150344019.html,https://mo-online.com/dw/image/v2/BCQK_PRD/on/demandware.static/-/Sites-master-catalog/default/dw9e969c12/images/hires/88baa0f6-4fa0-4352-9649-d41e055457d4.jpg?sw=1080&sh=1388,Verde,T-shirts,Tops,"Top Estampado, Mulher, Verde T-shirts Tops"
"Chinelos de Dedo, Adulto, Vermelho",2.99,https://mo-online.com/pt/chinelos-de-dedo-adulto-vermelho/000041148528040.html,https://mo-online.com/dw/image/v2/BCQK_PRD/on/demandware.static/-/Sites-master-catalog/default/dwaf67e55e/images/hires/9740e1e8-8b26-4330-9da2-f83179680a31.jpg?sw=1080&sh=1388,Vermelho,Sweatshirts,,"Chinelos de Dedo, Adulto, Vermelho Sweatshirts"
"Vestido Midi, Mulher, Verde",17.99,https://mo-online.com/pt/vestido-midi-mulher-verde/000041150254019.html,https://mo-online.com/dw/image/v2/BCQK_PRD/on/demandware.static/-/Sites-master-catalog/default/dw34792a26/images/hires/a7ad725d-4493-43ce-bc94-18976ffe3e3a.jpg?sw=1080&sh=1388,Verde,Vestidos,Macacões,"Vestido Midi, Mulher, Verde Vestidos Macacões"
"Vestido Midi, Mulher, Rosa Escuro",17.99,https://mo-online.com/pt/vestido-midi-mulher-rosa-escuro/000041150254013.html,https://mo-online.com/dw/image/v2/BCQK_PRD/on/demandware.static/-/Sites-master-catalog/default/dwbb755125/images/hires/c75bb657-4553-41f5-bca1-82108424c1ec.jpg?sw=1080&sh=1388,Rosa Escuro,Vestidos,Macacões,"Vestido Midi, Mulher, Rosa Escuro Vestidos Macacões"
"Vestido Midi, Mulher, Bege",17.99,https://mo-online.com/pt/vestido-midi-mulher-bege/000041150254001.html,https://mo-online.com/dw/image/v2/BCQK_PRD/on/demandware.static/-/Sites-master-catalog/default/dw99d2e167/images/hires/9c58a9c5-593b-42bd-9142-bcb51222a4d5.jpg?sw=1080&sh=1388,Bege,Vestidos,Macacões,"Vestido Midi, Mulher, Bege Vestidos Macacões"
"Calças Riscas, Mulher, Rosa Escuro",15.99,https://mo-online.com/pt/calcas-riscas-mulher-rosa-escuro/000041150107013.html,https://mo-online.com/dw/image/v2/BCQK_PRD/on/demandware.static/-/Sites-master-catalog/default/dw549c2b08/images/hires/667b60ae-1760-4d43-ac14-ea3959a511ec.jpg?sw=1080&sh=1388,Rosa Escuro,Calças,Leggings,"Calças Riscas, Mulher, Rosa Escuro Leggings"
"Tank Top com Modal, Mulher, Branco",7.99,https://mo-online.com/pt/tank-top-com-modal-mulher-branco/000041150355041.html,https://mo-online.com/dw/image/v2/BCQK_PRD/on/demandware.static/-/Sites-master-catalog/default/dw5505df98/images/hires/9e0f5709-4582-471f-85ba-dc1b31b91af3.jpg?sw=1080&sh=1388,Branco,T-shirts,Tops,"Tank Top com Modal, Mulher, Branco T-shirts Tops"
"Calças Riscas, Mulher, Bege",15.99,https://mo-online.com/pt/calcas-riscas-mulher-bege/000041150107001.html,https://mo-online.com/dw/image/v2/BCQK_PRD/on/demandware.static/-/Sites-master-catalog/default/dw7108e703/images/hires/00d9e808-eed7-494f-a0f9-d83d68c6414d.jpg?sw=1080&sh=1388,Bege,Calças,Leggings,"Calças Riscas, Mulher, Bege Leggings"
"Top de Malha Crochet, Mulher, Verde",12.99,https://mo-online.com/pt/top-de-malha-crochet-mulher-verde/000041150187019.html,https://mo-online.com/dw/image/v2/BCQK_PRD/on/demandware.static/-/Sites-master-catalog/default/dw4bde6230/images/hires/bc6067e5-2332-4612-9276-9962ac761bb2.jpg?sw=1080&sh=1388,Verde,T-shirts,Tops,"Top de Malha Crochet, Mulher, Verde T-shirts Tops"
"Chinelos de Dedo, Mulher, Rosa",2.99,https://mo-online.com/pt/chinelos-de-dedo-mulher-rosa/000041148531038.html,https://mo-online.com/dw/image/v2/BCQK_PRD/on/demandware.static/-/Sites-master-catalog/default/dwd676390e/images/hires/36520c6c-2259-435a-9a91-de1bd6e58da3.jpg?sw=1080&sh=1388,Rosa,Calçado,,"Chinelos de Dedo, Mulher, Rosa Calçado"
"Calças Riscas, Mulher, Verde Escuro",15.99,https://mo-online.com/pt/calcas-riscas-mulher-verde-escuro/000041150107009.html,https://mo-online.com/dw/image/v2/BCQK_PRD/on/demandware.static/-/Sites-master-catalog/default/dw32ba4c31/images/hires/f5420797-1c73-401d-ba83-d2835e901c78.jpg?sw=1080&sh=1388,Verde Escuro,Calças,Leggings,"Calças Riscas, Mulher, Verde Escuro Leggings"
"Pijama, Mulher, Rosa Claro",17.99,https://mo-online.com/pt/pijama-mulher-rosa-claro/000041150133030.html,https://mo-online.com/dw/image/v2/BCQK_PRD/on/demandware.static/-/Sites-master-catalog/default/dwae28db8e/images/hires/2257befe-fbf7-4d42-896c-f4e515887077.jpg?sw=1080&sh=1388,Rosa Claro,Pijamas,,"Pijama, Mulher, Rosa Claro Pijamas"
"Tank Top com Modal, Mulher, Preto",7.99,https://mo-online.com/pt/tank-top-com-modal-mulher-preto/000041150355002.html,https://mo-online.com/dw/image/v2/BCQK_PRD/on/demandware.static/-/Sites-master-catalog/default/dw6a5e1b08/images/hires/2588fada-28b9-4ad0-8e02-65ba723ce564.jpg?sw=1080&sh=1388,Preto,T-shirts,Tops,"Tank Top com Modal, Mulher, Preto T-shirts Tops"
"Top de Malha Crochet, Mulher, Branco",12.99,https://mo-online.com/pt/top-de-malha-crochet-mulher-branco/000041150187041.html,https://mo-online.com/dw/image/v2/BCQK_PRD/on/demandware.static/-/Sites-master-catalog/default/dw21231646/images/hires/790ce1d2-5f9f-4876-837a-eb3ef999314d.jpg?sw=1080&sh=1388,Branco,T-shirts,Tops,"Top de Malha Crochet, Mulher, Branco T-shirts Tops"
"Chinelos de Dedo, Mulher, Bege",2.99,https://mo-online.com/pt/chinelos-de-dedo-mulher-bege/000041148532041.html,https://mo-online.com/dw/image/v2/BCQK_PRD/on/demandware.static/-/Sites-master-catalog/default/dw756565f5/images/hires/011792db-731d-4285-baf7-55abedd4676f.jpg?sw=1080&sh=1388,Bege,Calçado,,"Chinelos de Dedo, Mulher, Bege Calçado"
"Chinelos de Dedo, Mulher, Rosa",2.99,https://mo-online.com/pt/chinelos-de-dedo-mulher-rosa/000041148532038.html,https://mo-online.com/dw/image/v2/BCQK_PRD/on/demandware.static/-/Sites-master-catalog/default/dwac5b3259/images/hires/f33d5578-f099-4a22-a6a7-0e1c4207edba.jpg?sw=1080&sh=1388,Rosa,Calçado,,"Chinelos de Dedo, Mulher, Rosa Calçado"
"Pijama, Mulher, Azul Claro",17.99,https://mo-online.com/pt/pijama-mulher-azul-claro/000041150133022.html,https://mo-online.com/dw/image/v2/BCQK_PRD/on/demandware.static/-/Sites-master-catalog/default/dwd478691e/images/hires/d8537385-e2cb-42e2-9df8-8b840c5174c7.jpg?sw=1080&sh=1388,Azul Claro,Pijamas,,"Pijama, Mulher, Azul Claro Pijamas"
"Chinelos de Dedo Animal Print, Mulher, Castanho",5.99,https://mo-online.com/pt/chinelos-de-dedo-animal-print-mulher-castanho/000041149098004.html,https://mo-online.com/dw/image/v2/BCQK_PRD/on/demandware.static/-/Sites-master-catalog/default/dw71479b14/images/hires/7c300b28-7088-43aa-94d8-3e8c987babb0.jpg?sw=1080&sh=1388,Castanho,Calçado,,"Chinelos de Dedo Animal Print, Mulher, Castanho Calçado"
"Top de Malha Crochet, Mulher, Rosa Escuro",12.99,https://mo-online.com/pt/top-de-malha-crochet-mulher-rosa-escuro/000041150187013.html,https://mo-online.com/dw/image/v2/BCQK_PRD/on/demandware.static/-/Sites-master-catalog/default/dwdb50fccd/images/hires/e47c50d1-f334-4d99-af06-bebd06002714.jpg?sw=1080&sh=1388,Rosa Escuro,T-shirts,Tops,"Top de Malha Crochet, Mulher, Rosa Escuro T-shirts Tops"
"Chinelos de Dedo Animal Print, Mulher, Preto",5.99,https://mo-online.com/pt/chinelos-de-dedo-animal-print-mulher-preto/000041149098002.html,https://mo-online.com/dw/image/v2/BCQK_PRD/on/demandware.static/-/Sites-master-catalog/default/dw68d0374a/images/hires/bbae5a8d-5368-4e20-9409-5a1a29c927e6.jpg?sw=1080&sh=1388,Preto,Calçado,,"Chinelos de Dedo Animal Print, Mulher, Preto Calçado"
"Biquíni Contraste, Mulher, Preto",19.99,https://mo-online.com/pt/biquini-contraste-mulher-preto/000041150249002.html,https://mo-online.com/dw/image/v2/BCQK_PRD/on/demandware.static/-/Sites-master-catalog/default/dwc4a78e2e/images/hires/13194168-aea3-4159-a6b3-733a12cadb0c.jpg?sw=1080&sh=1388,Preto,Novo,,"Biquíni Contraste, Mulher, Preto Novo"
"Biquíni, Mulher, Branco",17.99,https://mo-online.com/pt/biquini-mulher-branco/000041150328021.html,https://mo-online.com/dw/image/v2/BCQK_PRD/on/demandware.static/-/Sites-master-catalog/default/dw392fe1ff/images/hires/a261d1cf-b046-40ff-86f5-0db077888cae.jpg?sw=1080&sh=1388,Branco,Novo,,"Biquíni, Mulher, Branco Novo"
"Biquíni Contraste, Mulher, Branco",19.99,https://mo-online.com/pt/biquini-contraste-mulher-branco/000041150249041.html,https://mo-online.com/dw/image/v2/BCQK_PRD/on/demandware.static/-/Sites-master-catalog/default/dw36cb8777/images/hires/3cdfdef8-67b4-467f-b040-3402ada5147c.jpg?sw=1080&sh=1388,Branco,Novo,,"Biquíni Contraste, Mulher, Branco Novo"
"Bolsa, Mulher, Azul",7.99,https://mo-online.com/pt/bolsa-mulher-azul/000041149203003.html,https://mo-online.com/dw/image/v2/BCQK_PRD/on/demandware.static/-/Sites-master-catalog/default/dwfb6e1a81/images/hires/cb9b9da2-174d-48b4-ba4d-46bcbaa8f119.jpg?sw=1080&sh=1388,Azul,Malas & Carteiras,,"Bolsa, Mulher, Azul Malas & Carteiras"
"Mala de Praia, Mulher, Bege",17.99,https://mo-online.com/pt/mala-de-praia-mulher-bege/000041150159001.html,https://mo-online.com/dw/image/v2/BCQK_PRD/on/demandware.static/-/Sites-master-catalog/default/dwe14dd2f0/images/hires/0e92ee9f-baec-42e0-b2fe-ee5addd40195.jpg?sw=1080&sh=1388,Bege,Malas & Carteiras,,"Mala de Praia, Mulher, Bege Malas & Carteiras"
"Mala de Praia, Mulher, Azul",9.99,https://mo-online.com/pt/mala-de-praia-mulher-azul/000041149102003.html,https://mo-online.com/dw/image/v2/BCQK_PRD/on/demandware.static/-/Sites-master-catalog/default/dw0bf13ce6/images/hires/7860b0cf-bbf5-4c3d-bcfa-5132c50db64b.jpg?sw=1080&sh=1388,Azul,Malas & Carteiras,,"Mala de Praia, Mulher, Azul Malas & Carteiras"
"Mala de Praia, Mulher, Preto",17.99,https://mo-online.com/pt/mala-de-praia-mulher-preto/000041150159002.html,https://mo-online.com/dw/image/v2/BCQK_PRD/on/demandware.static/-/Sites-master-catalog/default/dwc74a8358/images/hires/cb6b35a2-2403-439e-ba88-ee4f8aa7eb52.jpg?sw=1080&sh=1388,Preto,Malas & Carteiras,,"Mala de Praia, Mulher, Preto Malas & Carteiras"
"Mala de Praia, Mulher, Laranja",17.99,https://mo-online.com/pt/mala-de-praia-mulher-laranja/000041150108037.html,https://mo-online.com/dw/image/v2/BCQK_PRD/on/demandware.static/-/Sites-master-catalog/default/dw3c0e5175/images/hires/78af61dc-4512-4c32-8abe-f03a32ae298d.jpg?sw=1080&sh=1388,Laranja,Malas & Carteiras,,"Mala de Praia, Mulher, Laranja Malas & Carteiras"
"Camisola de Malha Crochet, Mulher, Branco",17.99,https://mo-online.com/pt/camisola-de-malha-crochet-mulher-branco/000041150194041.html,https://mo-online.com/dw/image/v2/BCQK_PRD/on/demandware.static/-/Sites-master-catalog/default/dwab5c37b5/images/hires/324cd431-b50a-4f0b-9c41-fec32f06ff08.jpg?sw=1080&sh=1388,Branco,Malhas,,"Camisola de Malha Crochet, Mulher, Branco Malhas"
"Chinelos de Dedo, Mulher, Azul Claro",2.99,https://mo-online.com/pt/chinelos-de-dedo-mulher-azul-claro/000041148531022.html,https://mo-online.com/dw/image/v2/BCQK_PRD/on/demandware.static/-/Sites-master-catalog/default/dw585f0dfc/images/hires/1423c8aa-2a9c-4695-b84b-d77dd98565ee.jpg?sw=1080&sh=1388,Azul Claro,Calçado,,"Chinelos de Dedo, Mulher, Azul Claro Calçado"
"Camisola de Malha Crochet, Mulher, Azul",17.99,https://mo-online.com/pt/camisola-de-malha-crochet-mulher-azul/000041150194003.html,https://mo-online.com/dw/image/v2/BCQK_PRD/on/demandware.static/-/Sites-master-catalog/default/dwbb0bfef8/images/hires/46095286-9d57-4c47-beec-a6b19c641ba2.jpg?sw=1080&sh=1388,Azul,Malhas,,"Camisola de Malha Crochet, Mulher, Azul Malhas"
"Camisa com Linho, Mulher, Branco",17.99,https://mo-online.com/pt/camisa-com-linho-mulher-branco/000041148478041.html,https://mo-online.com/dw/image/v2/BCQK_PRD/on/demandware.static/-/Sites-master-catalog/default/dwb1136bc8/images/hires/5ca2102f-83f5-44f8-9641-8776c1af7b3b.jpg?sw=1080&sh=1388,Branco,Blusas,Camisas,"Camisa com Linho, Mulher, Branco Blusas Camisas"
"Camisa com Linho, Mulher, Cinzento Escuro",17.99,https://mo-online.com/pt/camisa-com-linho-mulher-cinzento-escuro/000041148478010.html,https://mo-online.com/dw/image/v2/BCQK_PRD/on/demandware.static/-/Sites-master-catalog/default/dw103e7b6c/images/hires/cf1460d0-0a83-4014-9202-a9d837b24d2f.jpg?sw=1080&sh=1388,Cinzento Escuro,Blusas,Camisas,"Camisa com Linho, Mulher, Cinzento Escuro Blusas Camisas"
"Calções com Linho, Mulher, Azul",17.99,https://mo-online.com/pt/calcoes-com-linho-mulher-azul/000041148484003.html,https://mo-online.com/dw/image/v2/BCQK_PRD/on/demandware.static/-/Sites-master-catalog/default/dw8c6c2b93/images/hires/c3112fb0-8658-4c65-905c-95e195d35240.jpg?sw=1080&sh=1388,Azul,Saias,Calções,"Calções com Linho, Mulher, Azul Saias"
"Camisa com Linho, Mulher, Azul",17.99,https://mo-online.com/pt/camisa-com-linho-mulher-azul/000041148478003.html,https://mo-online.com/dw/image/v2/BCQK_PRD/on/demandware.static/-/Sites-master-catalog/default/dwe03b7321/images/hires/68fa8974-3ba0-4d8e-abe8-5674cecc0cf9.jpg?sw=1080&sh=1388,Azul,Blusas,Camisas,"Camisa com Linho, Mulher, Azul Blusas Camisas"
"Calções com Linho, Mulher, Cinzento Escuro",17.99,https://mo-online.com/pt/calcoes-com-linho-mulher-cinzento-escuro/000041148484010.html,https://mo-online.com/dw/image/v2/BCQK_PRD/on/demandware.static/-/Sites-master-catalog/default/dw0379f19e/images/hires/5da87610-40c6-4ce9-a120-1a1d9b60515b.jpg?sw=1080&sh=1388,Cinzento Escuro,Saias,Calções,"Calções com Linho, Mulher, Cinzento Escuro Saias"
"Vestido Modal, Mulher, Bege",22.99,https://mo-online.com/pt/vestido-modal-mulher-bege/000041150156001.html,https://mo-online.com/dw/image/v2/BCQK_PRD/on/demandware.static/-/Sites-master-catalog/default/dw7de5181e/images/hires/78ac31bd-d28a-41d6-9dda-322e67c33185.jpg?sw=1080&sh=1388,Bege,Vestidos,Macacões,"Vestido Modal, Mulher, Bege Vestidos Macacões"
"Vestido Modal, Mulher, Castanho",22.99,https://mo-online.com/pt/vestido-modal-mulher-castanho/000041150156007.html,https://mo-online.com/dw/image/v2/BCQK_PRD/on/demandware.static/-/Sites-master-catalog/default/dw744c35e2/images/hires/b3853461-b90c-47dd-a596-2c912d79ad7b.jpg?sw=1080&sh=1388,Castanho,Vestidos,Macacões,"Vestido Modal, Mulher, Castanho Vestidos Macacões"
"Calças de Ganga 'Straight Cropped', Mulher, Azul",19.99,https://mo-online.com/pt/calcas-de-ganga-straight-cropped-mulher-azul/000041152271003.html,https://mo-online.com/dw/image/v2/BCQK_PRD/on/demandware.static/-/Sites-master-catalog/default/dw8274084b/images/hires/f034a6a8-483b-4b7e-8378-9b36ff6c3c48.jpg?sw=1080&sh=1388,Azul,Jeans,,"Calças de Ganga 'Straight Cropped', Mulher, Azul Jeans"
"Calções com Linho, Mulher, Cru",17.99,https://mo-online.com/pt/calcoes-com-linho-mulher-cru/000041148484017.html,https://mo-online.com/dw/image/v2/BCQK_PRD/on/demandware.static/-/Sites-master-catalog/default/dw4d4d2f21/images/hires/ca97ec85-1cce-434f-b609-66296da24481.jpg?sw=1080&sh=1388,Cru,Saias,Calções,"Calções com Linho, Mulher, Cru Saias"
"Calças Riscas, Mulher, Laranja Escuro",17.99,https://mo-online.com/pt/calcas-riscas-mulher-laranja-escuro/000041150128012.html,https://mo-online.com/dw/image/v2/BCQK_PRD/on/demandware.static/-/Sites-master-catalog/default/dwb23925a0/images/hires/5114c157-0dad-4836-8811-bf73f0f2fd7e.jpg?sw=1080&sh=1388,Laranja Escuro,Calças,Leggings,"Calças Riscas, Mulher, Laranja Escuro Leggings"
"Camisa com Linho, Mulher, Azul Claro",17.99,https://mo-online.com/pt/camisa-com-linho-mulher-azul-claro/000041148478022.html,https://mo-online.com/dw/image/v2/BCQK_PRD/on/demandware.static/-/Sites-master-catalog/default/dw1aa9f86d/images/hires/958ac5ce-83c3-49be-8dc2-ed955c5f6093.jpg?sw=1080&sh=1388,Azul Claro,Blusas,Camisas,"Camisa com Linho, Mulher, Azul Claro Blusas Camisas"
"Pijama, Mulher, Rosa Claro",9.99,https://mo-online.com/pt/pijama-mulher-rosa-claro/000041150071030.html,https://mo-online.com/dw/image/v2/BCQK_PRD/on/demandware.static/-/Sites-master-catalog/default/dwc4368294/images/hires/59f2a92b-cec3-4bec-be9c-e055201d049f.jpg?sw=1080&sh=1388,Rosa Claro,Pijamas,,"Pijama, Mulher, Rosa Claro Pijamas"
"Calças de Ganga 'Straight Cropped', Mulher, Rosa",19.99,https://mo-online.com/pt/calcas-de-ganga-straight-cropped-mulher-rosa/000041152271038.html,https://mo-online.com/dw/image/v2/BCQK_PRD/on/demandware.static/-/Sites-master-catalog/default/dw03280eb6/images/hires/ccb5da63-be58-49ee-b116-17714fcbef91.jpg?sw=1080&sh=1388,Rosa,Jeans,,"Calças de Ganga 'Straight Cropped', Mulher, Rosa Jeans"
"Calças Liocel, Mulher, Bege",19.99,https://mo-online.com/pt/calcas-liocel-mulher-bege/000041150127001.html,https://mo-online.com/dw/image/v2/BCQK_PRD/on/demandware.static/-/Sites-master-catalog/default/dw4d3b5ae4/images/hires/22a60d12-7c37-41b7-bd70-5b5623dcef9a.jpg?sw=1080&sh=1388,Bege,Calças,Leggings,"Calças Liocel, Mulher, Bege Leggings"
"Calções com Linho, Mulher, Verde Escuro",17.99,https://mo-online.com/pt/calcoes-com-linho-mulher-verde-escuro/000041148484009.html,https://mo-online.com/dw/image/v2/BCQK_PRD/on/demandware.static/-/Sites-master-catalog/default/dw478c245c/images/hires/84a05075-547f-41d7-8449-96fea2d42f26.jpg?sw=1080&sh=1388,Verde Escuro,Saias,Calções,"Calções com Linho, Mulher, Verde Escuro Saias"
"Vestido Riscas, Mulher, Laranja Escuro",19.99,https://mo-online.com/pt/vestido-riscas-mulher-laranja-escuro/000041150155012.html,https://mo-online.com/dw/image/v2/BCQK_PRD/on/demandware.static/-/Sites-master-catalog/default/dw6a487637/images/hires/f4ac2f2e-b2b6-4112-9ef2-29de24eefc1c.jpg?sw=1080&sh=1388,Laranja Escuro,Vestidos,Macacões,"Vestido Riscas, Mulher, Laranja Escuro Vestidos Macacões"
"Pijama, Mulher, Branco",9.99,https://mo-online.com/pt/pijama-mulher-branco/000041150071041.html,https://mo-online.com/dw/image/v2/BCQK_PRD/on/demandware.static/-/Sites-master-catalog/default/dwd1a2ffc2/images/hires/184f45e4-43b9-46fd-93b6-edb90000f90a.jpg?sw=1080&sh=1388,Branco,Pijamas,,"Pijama, Mulher, Branco Pijamas"
"Blusa Liocel, Mulher, Beje",17.99,https://mo-online.com/pt/blusa-liocel-mulher-beje/000041150154001.html,https://mo-online.com/dw/image/v2/BCQK_PRD/on/demandware.static/-/Sites-master-catalog/default/dwe2a677a8/images/hires/9fd72e93-3143-45cb-a5bd-3ae986354c66.jpg?sw=1080&sh=1388,Beje,Blusas,Camisas,"Blusa Liocel, Mulher, Beje Blusas Camisas"
"Blusa Liocel, Mulher, Branco",17.99,https://mo-online.com/pt/blusa-liocel-mulher-branco/000041150154041.html,https://mo-online.com/dw/image/v2/BCQK_PRD/on/demandware.static/-/Sites-master-catalog/default/dw24d9001b/images/hires/d30546e7-4d90-40e3-ab88-4dd41d60e5dc.jpg?sw=1080&sh=1388,Branco,Blusas,Camisas,"Blusa Liocel, Mulher, Branco Blusas Camisas"
"Calças Liocel, Mulher, Branco",19.99,https://mo-online.com/pt/calcas-liocel-mulher-branco/000041150127041.html,https://mo-online.com/dw/image/v2/BCQK_PRD/on/demandware.static/-/Sites-master-catalog/default/dwa9a175ab/images/hires/e649fb2b-5dab-4dd7-bf86-118f7740055f.jpg?sw=1080&sh=1388,Branco,Calças,Leggings,"Calças Liocel, Mulher, Branco Leggings"
"Cueca Biquíni, Mulher, Preto",5.99,https://mo-online.com/pt/cueca-biquini-mulher-preto/000041148455002.html,https://mo-online.com/dw/image/v2/BCQK_PRD/on/demandware.static/-/Sites-master-catalog/default/dw023b6161/images/hires/8ff9d9b2-dc13-4f03-9e31-bce74e8ff1f7.jpg?sw=1080&sh=1388,Preto,Novo,,"Cueca Biquíni, Mulher, Preto Novo"
"Fato de Banho, Mulher, Azul",19.99,https://mo-online.com/pt/fato-de-banho-mulher-azul/000041150229003.html,https://mo-online.com/dw/image/v2/BCQK_PRD/on/demandware.static/-/Sites-master-catalog/default/dwdf2fafa6/images/hires/35196720-7820-41d8-bfbb-cd6923095548.jpg?sw=1080&sh=1388,Azul,Novo,,"Fato de Banho, Mulher, Azul Novo"
"Chapéu Panamá, Mulher, Vermelho",12.99,https://mo-online.com/pt/chapeu-panama-mulher-vermelho/000041151672040.html,https://mo-online.com/dw/image/v2/BCQK_PRD/on/demandware.static/-/Sites-master-catalog/default/dw68719dac/images/hires/fd7b3c8c-e05e-4f08-849e-a95b7005bf32.jpg?sw=1080&sh=1388,Vermelho,Chapéus,,"Chapéu Panamá, Mulher, Vermelho Chapéus"
"Mala de Praia, Mulher, Preto",12.99,https://mo-online.com/pt/mala-de-praia-mulher-preto/000041149120002.html,https://mo-online.com/dw/image/v2/BCQK_PRD/on/demandware.static/-/Sites-master-catalog/default/dw0b8d6825/images/hires/aa436c90-661b-497c-bdc1-aa236c1fb78b.jpg?sw=1080&sh=1388,Preto,Malas & Carteiras,,"Mala de Praia, Mulher, Preto Malas & Carteiras"
"Mala de Praia, Mulher, Bege",19.99,https://mo-online.com/pt/mala-de-praia-mulher-bege/000041149103001.html,https://mo-online.com/dw/image/v2/BCQK_PRD/on/demandware.static/-/Sites-master-catalog/default/dwe190829d/images/hires/e5b90a8b-f56a-4e2e-aa2e-09073aac9671.jpg?sw=1080&sh=1388,Bege,Malas & Carteiras,,"Mala de Praia, Mulher, Bege Malas & Carteiras"
"Biquíni, Mulher, Verde",19.99,https://mo-online.com/pt/biquini-mulher-verde/000041150270019.html,https://mo-online.com/dw/image/v2/BCQK_PRD/on/demandware.static/-/Sites-master-catalog/default/dw9fa35e0c/images/hires/eebdd3bf-0540-4d36-b7ff-ea304aeece4d.jpg?sw=1080&sh=1388,Verde,Novo,,"Biquíni, Mulher, Verde Novo"
"Cueca Biquíni, Mulher, Verde Escuro",5.99,https://mo-online.com/pt/cueca-biquini-mulher-verde-escuro/000041148455009.html,https://mo-online.com/dw/image/v2/BCQK_PRD/on/demandware.static/-/Sites-master-catalog/default/dw56720d54/images/hires/79e0d716-2727-4b19-9828-0b35548e319f.jpg?sw=1080&sh=1388,Verde Escuro,Novo,,"Cueca Biquíni, Mulher, Verde Escuro Novo"
"Cueca Biquíni, Mulher, Branco",5.99,https://mo-online.com/pt/cueca-biquini-mulher-branco/000041148455041.html,https://mo-online.com/dw/image/v2/BCQK_PRD/on/demandware.static/-/Sites-master-catalog/default/dw39df9e63/images/hires/df8381cd-151b-41e7-9fc9-19fb0c3ac77b.jpg?sw=1080&sh=1388,Branco,Novo,,"Cueca Biquíni, Mulher, Branco Novo"
"Cueca Biquíni, Mulher, Azul",5.99,https://mo-online.com/pt/cueca-biquini-mulher-azul/000041148455003.html,https://mo-online.com/dw/image/v2/BCQK_PRD/on/demandware.static/-/Sites-master-catalog/default/dwd457c3dc/images/hires/5b8db9c6-b7f2-4469-905c-d52b59fdc3c8.jpg?sw=1080&sh=1388,Azul,Novo,,"Cueca Biquíni, Mulher, Azul Novo"
"Toalha de Praia Riscas, Vermelho",12.99,https://mo-online.com/pt/toalha-de-praia-riscas-vermelho/000041148961040.html,https://mo-online.com/dw/image/v2/BCQK_PRD/on/demandware.static/-/Sites-master-catalog/default/dwacbbcc2c/images/hires/80e77671-fe02-444b-8c28-8c676896a55a.jpg?sw=1080&sh=1388,,Acessórios,,"Toalha de Praia Riscas, Vermelho Acessórios"
"Sandálias, Mulher, Preto",9.99,https://mo-online.com/pt/sandalias-mulher-preto/000041149209002.html,https://mo-online.com/dw/image/v2/BCQK_PRD/on/demandware.static/-/Sites-master-catalog/default/dwfe83532b/images/hires/93479b29-5bb0-4d12-ad6e-0145f2b0a075.jpg?sw=1080&sh=1388,Preto,Calçado,,"Sandálias, Mulher, Preto Calçado"
"Sandálias Brilhantes, Mulher, Preto",12.99,https://mo-online.com/pt/sandalias-brilhantes-mulher-preto/000041149212002.html,https://mo-online.com/dw/image/v2/BCQK_PRD/on/demandware.static/-/Sites-master-catalog/default/dwefe84801/images/hires/1d758a35-f519-493c-ab8b-dcc3e22a3d6a.jpg?sw=1080&sh=1388,Preto,Calçado,,"Sandálias Brilhantes, Mulher, Preto Calçado"
"Sandálias Brilhantes, Mulher, Rosa",12.99,https://mo-online.com/pt/sandalias-brilhantes-mulher-rosa/000041149212038.html,https://mo-online.com/dw/image/v2/BCQK_PRD/on/demandware.static/-/Sites-master-catalog/default/dwe2879db8/images/hires/7098135f-9229-4a8a-907a-c7a9fc540957.jpg?sw=1080&sh=1388,Rosa,Calçado,,"Sandálias Brilhantes, Mulher, Rosa Calçado"
"Toalha de Praia, Mulher, Rosa Claro",9.99,https://mo-online.com/pt/toalha-de-praia-mulher-rosa-claro/000041148560030.html,https://mo-online.com/dw/image/v2/BCQK_PRD/on/demandware.static/-/Sites-master-catalog/default/dw426f2f4b/images/hires/55b1f80d-73e6-454c-a589-901514600653.jpg?sw=1080&sh=1388,Rosa Claro,Acessórios,,"Toalha de Praia, Mulher, Rosa Claro Acessórios"
"Sandálias, Mulher, Rosa",9.99,https://mo-online.com/pt/sandalias-mulher-rosa/000041149209038.html,https://mo-online.com/dw/image/v2/BCQK_PRD/on/demandware.static/-/Sites-master-catalog/default/dw500bdabd/images/hires/9553bb94-acfe-478c-80f7-08c310eead1f.jpg?sw=1080&sh=1388,Rosa,Calçado,,"Sandálias, Mulher, Rosa Calçado"
"Toalha de Praia, Rosa Escuro",9.99,https://mo-online.com/pt/toalha-de-praia-rosa-escuro/000041148543013.html,https://mo-online.com/dw/image/v2/BCQK_PRD/on/demandware.static/-/Sites-master-catalog/default/dwe423dbb0/images/hires/035c3bae-1262-47fb-b810-e5732ae5b33d.jpg?sw=1080&sh=1388,,Acessórios,,"Toalha de Praia, Rosa Escuro Acessórios"
"Toalha de Praia, Azul",9.99,https://mo-online.com/pt/toalha-de-praia-azul/000041148543003.html,https://mo-online.com/dw/image/v2/BCQK_PRD/on/demandware.static/-/Sites-master-catalog/default/dw80ad3e6b/images/hires/699430cd-aad8-43fc-bc9c-81765c0d3599.jpg?sw=1080&sh=1388,,Acessórios,,"Toalha de Praia, Azul Acessórios"
"Porta-chaves, Rosa",5.99,https://mo-online.com/pt/porta-chaves-rosa/000041153054038.html,https://mo-online.com/dw/image/v2/BCQK_PRD/on/demandware.static/-/Sites-master-catalog/default/dw07fc24e0/images/hires/0f2d7f9e-38ea-4f51-99ed-7799dd4241fa.jpg?sw=1080&sh=1388,,Acessórios,,"Porta-chaves, Rosa Acessórios"
"Porta-chaves, Vermelho",7.99,https://mo-online.com/pt/porta-chaves-vermelho/000041153082040.html,https://mo-online.com/dw/image/v2/BCQK_PRD/on/demandware.static/-/Sites-master-catalog/default/dwf9d35a6e/images/hires/1ed556ea-75d8-4aeb-9208-dde8309e8017.jpg?sw=1080&sh=1388,,Acessórios,,"Porta-chaves, Vermelho Acessórios"
"Porta-Chaves, Castanho",5.99,https://mo-online.com/pt/porta-chaves-castanho/000041153080004.html,https://mo-online.com/dw/image/v2/BCQK_PRD/on/demandware.static/-/Sites-master-catalog/default/dwc2e92c97/images/hires/f755fe70-7fba-463f-8f02-db71d9119ddb.jpg?sw=1080&sh=1388,,Acessórios,,"Porta-Chaves, Castanho Acessórios"
"Porta-Chaves, Preto",5.99,https://mo-online.com/pt/porta-chaves-preto/000041153008002.html,https://mo-online.com/dw/image/v2/BCQK_PRD/on/demandware.static/-/Sites-master-catalog/default/dwe97e787b/images/hires/644bbf24-4a59-4fd0-8478-3a3d91fb4ea0.jpg?sw=1080&sh=1388,,Acessórios,,"Porta-Chaves, Preto Acessórios"
"Blusa, Mulher, Cru",9.99,https://mo-online.com/pt/blusa-mulher-cru/000041149001021.html,https://mo-online.com/dw/image/v2/BCQK_PRD/on/demandware.static/-/Sites-master-catalog/default/dw9fb1e541/images/hires/32cc5f85-0aef-4332-9d70-a3822e93d637.jpg?sw=1080&sh=1388,Cru,Blusas,Camisas,"Blusa, Mulher, Cru Blusas Camisas"
"Calções de Ganga, Mulher, Azul",15.99,https://mo-online.com/pt/calcoes-de-ganga-mulher-azul/000041149201003.html,https://mo-online.com/dw/image/v2/BCQK_PRD/on/demandware.static/-/Sites-master-catalog/default/dwac644b9c/images/hires/56b9087c-8181-44f9-9e35-10feb5f13217.jpg?sw=1080&sh=1388,Azul,Saias,Calções,"Calções de Ganga, Mulher, Azul Saias"
"Calções de Ganga, Mulher, Azul Claro",15.99,https://mo-online.com/pt/calcoes-de-ganga-mulher-azul-claro/000041149201022.html,https://mo-online.com/dw/image/v2/BCQK_PRD/on/demandware.static/-/Sites-master-catalog/default/dwb0590cc1/images/hires/9b641e4b-89b5-44fb-80fe-94c31045c132.jpg?sw=1080&sh=1388,Azul Claro,Saias,Calções,"Calções de Ganga, Mulher, Azul Claro Saias"
"Blusa, Mulher, Rosa",9.99,https://mo-online.com/pt/blusa-mulher-rosa/000041149001038.html,https://mo-online.com/dw/image/v2/BCQK_PRD/on/demandware.static/-/Sites-master-catalog/default/dwc3ebdca8/images/hires/14ffcec7-2efc-46eb-9d78-2aa540884269.jpg?sw=1080&sh=1388,Rosa,Blusas,Camisas,"Blusa, Mulher, Rosa Blusas Camisas"
"Socas, Mulher, Castanho",22.99,https://mo-online.com/pt/socas-mulher-castanho/000041149087004.html,https://mo-online.com/dw/image/v2/BCQK_PRD/on/demandware.static/-/Sites-master-catalog/default/dwcbd29788/images/hires/958774e8-a93a-4f4b-8e36-79bbed58eb84.jpg?sw=1080&sh=1388,Castanho,Calçado,,"Socas, Mulher, Castanho Calçado"
"Calções de Ganga, Mulher, Branco",15.99,https://mo-online.com/pt/calcoes-de-ganga-mulher-branco/000041149201041.html,https://mo-online.com/dw/image/v2/BCQK_PRD/on/demandware.static/-/Sites-master-catalog/default/dw9821b2c8/images/hires/40459055-2345-4a12-8b3c-5303cd175e05.jpg?sw=1080&sh=1388,Branco,Saias,Calções,"Calções de Ganga, Mulher, Branco Saias"
"Blusa, Mulher, Azul",9.99,https://mo-online.com/pt/blusa-mulher-azul/000041149001003.html,https://mo-online.com/dw/image/v2/BCQK_PRD/on/demandware.static/-/Sites-master-catalog/default/dw9969713b/images/hires/0e8325ee-99a7-4e43-9800-8f85702fbfc6.jpg?sw=1080&sh=1388,Azul,Blusas,Camisas,"Blusa, Mulher, Azul Blusas Camisas"
"Calças de Ganga 'Straight Cropped', Mulher, Branco",19.99,https://mo-online.com/pt/calcas-de-ganga-straight-cropped-mulher-branco/000041148506041.html,https://mo-online.com/dw/image/v2/BCQK_PRD/on/demandware.static/-/Sites-master-catalog/default/dw1e198bf7/images/hires/55eba872-43a4-4167-8596-1aea69a56e46.jpg?sw=1080&sh=1388,Branco,Calças,Leggings,"Calças de Ganga 'Straight Cropped', Mulher, Branco Leggings"
"Sandálias, Mulher, Bege",22.99,https://mo-online.com/pt/sandalias-mulher-bege/000041149095001.html,https://mo-online.com/dw/image/v2/BCQK_PRD/on/demandware.static/-/Sites-master-catalog/default/dw244240b6/images/hires/e86ed45a-a606-4de7-8c84-f8bfdb981446.jpg?sw=1080&sh=1388,Bege,Calçado,,"Sandálias, Mulher, Bege Calçado"
"Sandálias, Mulher, Bege",22.99,https://mo-online.com/pt/sandalias-mulher-bege/000041149002001.html,https://mo-online.com/dw/image/v2/BCQK_PRD/on/demandware.static/-/Sites-master-catalog/default/dw3efe15b3/images/hires/19c2ccd6-bcee-4e44-aa73-42727b01a5df.jpg?sw=1080&sh=1388,Bege,Calçado,,"Sandálias, Mulher, Bege Calçado"
"Calções de Ganga, Mulher, Preto",15.99,https://mo-online.com/pt/calcoes-de-ganga-mulher-preto/000041149201002.html,https://mo-online.com/dw/image/v2/BCQK_PRD/on/demandware.static/-/Sites-master-catalog/default/dwd213ed78/images/hires/61f295f8-f901-407c-8559-6023ef96da37.jpg?sw=1080&sh=1388,Preto,Saias,Calções,"Calções de Ganga, Mulher, Preto Saias"
"Calças de Ganga 'Straight Cropped', Mulher, Amarelo Claro",19.99,https://mo-online.com/pt/calcas-de-ganga-straight-cropped-mulher-amarelo-claro/000041148506033.html,https://mo-online.com/dw/image/v2/BCQK_PRD/on/demandware.static/-/Sites-master-catalog/default/dw081e81e5/images/hires/5d08346d-00c6-453f-a6b1-000c7fcd8897.jpg?sw=1080&sh=1388,Amarelo Claro,Calças,Leggings,"Calças de Ganga 'Straight Cropped', Mulher, Amarelo Claro Leggings"
"Blusa, Mulher, Verde",9.99,https://mo-online.com/pt/blusa-mulher-verde/000041149001019.html,https://mo-online.com/dw/image/v2/BCQK_PRD/on/demandware.static/-/Sites-master-catalog/default/dwa973c177/images/hires/e0eb59fb-959c-4dd2-881f-14abead73b17.jpg?sw=1080&sh=1388,Verde,Blusas,Camisas,"Blusa, Mulher, Verde Blusas Camisas"
"Sandálias, Mulher, Preto",22.99,https://mo-online.com/pt/sandalias-mulher-preto/000041149080002.html,https://mo-online.com/dw/image/v2/BCQK_PRD/on/demandware.static/-/Sites-master-catalog/default/dwfdf74138/images/hires/15ba31d3-1722-4efa-87d7-1f74a110e9b6.jpg?sw=1080&sh=1388,Preto,Calçado,,"Sandálias, Mulher, Preto Calçado"
"Sobrecamisa com Linho, Mulher, Branco",29.99,https://mo-online.com/pt/sobrecamisa-com-linho-mulher-branco/000041149011041.html,https://mo-online.com/dw/image/v2/BCQK_PRD/on/demandware.static/-/Sites-master-catalog/default/dwa245c99c/images/hires/7f11990a-c5c1-4b98-9d89-73d7f5ccc1a3.jpg?sw=1080&sh=1388,Branco,Blusas,Camisas,"Sobrecamisa com Linho, Mulher, Branco Blusas Camisas"
"Calças de Ganga, Mulher, Azul Claro",22.99,https://mo-online.com/pt/calcas-de-ganga-mulher-azul-claro/000041149042022.html,https://mo-online.com/dw/image/v2/BCQK_PRD/on/demandware.static/-/Sites-master-catalog/default/dwe36ca5f9/images/hires/1d4360ac-dc58-4f89-9761-6239b13e7074.jpg?sw=1080&sh=1388,Azul Claro,Calças,Leggings,"Calças de Ganga, Mulher, Azul Claro Leggings"
"Sandálias Animal Print, Mulher, Castanho",22.99,https://mo-online.com/pt/sandalias-animal-print-mulher-castanho/000041149003004.html,https://mo-online.com/dw/image/v2/BCQK_PRD/on/demandware.static/-/Sites-master-catalog/default/dwe5c95f4f/images/hires/1fe951f4-ad48-4f3d-a576-93c4c23a46a3.jpg?sw=1080&sh=1388,Castanho,Calçado,,"Sandálias Animal Print, Mulher, Castanho Calçado"
"Calças com Linho, Mulher, Bege Claro",22.99,https://mo-online.com/pt/calcas-com-linho-mulher-bege-claro/000041148993021.html,https://mo-online.com/dw/image/v2/BCQK_PRD/on/demandware.static/-/Sites-master-catalog/default/dwa10c5e99/images/hires/233422e8-48e8-4d90-aa8e-037828e09eb0.jpg?sw=1080&sh=1388,Bege Claro,Calças,Leggings,"Calças com Linho, Mulher, Bege Claro Leggings"
"Calças com Linho, Mulher, Bege",22.99,https://mo-online.com/pt/calcas-com-linho-mulher-bege/000041148993001.html,https://mo-online.com/dw/image/v2/BCQK_PRD/on/demandware.static/-/Sites-master-catalog/default/dw99720436/images/hires/8da476fa-0eb5-4a9b-a3bc-de7bb5c92c49.jpg?sw=1080&sh=1388,Bege,Calças,Leggings,"Calças com Linho, Mulher, Bege Leggings"
